{"cameraMode":{"drawMode":0,"name":"Shaded","section":"Shading Mode"},"sceneLighting":true,"audioPlay":false,"sceneViewState":{"m_AlwaysRefresh":false,"showFog":true,"showSkybox":true,"showFlares":true,"showImageEffects":true,"showParticleSystems":true,"showVisualEffectGraphs":true,"m_FxEnabled":true},"in2DMode":false,"pivot":{"x":0.7518573999404907,"y":1.0104669332504273,"z":-0.5127100348472595},"rotation":{"x":0.10976863652467728,"y":0.5325456261634827,"z":-0.06989477574825287,"w":0.8363512754440308},"size":1.320928692817688,"orthographic":false}